pair,pop1.id,pop2.id,fst,mean_bray.AMF,mean_bray.ITS,mean_bray.16S,km.diff,taxon_level
B1-B1,B1,B1,0,0,0.06369119040321505,0.19084538584684466,0,Phylum
B1-B2,B1,B2,0.258282,0,0.07844381078801924,0.23048345886846525,31.2,Phylum
B1-F1,B1,F1,0.543824,0,0.11383263934027661,0.24991575325564291,1.9,Phylum
B1-F2,B1,F2,0.261133,0,0.08112889717019219,0.20062298523050967,2.3,Phylum
B1-R1,B1,R1,0.601512,0,0.08500906458032848,0.3446394588935155,9.2,Phylum
B1-R2,B1,R2,0.479374,0,0.07588186855156491,0.2009559413025842,24.2,Phylum
B1-U1,B1,U1,0.402356,0,0.06154382779810592,0.18317954870143427,10.2,Phylum
B1-U2,B1,U2,0.408897,0,0.0764931472780223,0.21076131856389885,11.9,Phylum
B2-B1,B2,B1,0.258282,0,0.07844381078801924,0.23048345886846525,31.2,Phylum
B2-B2,B2,B2,0,0,0.08095877299391417,0.20034980089413884,0,Phylum
B2-F1,B2,F1,0.515139,0,0.11208944859159066,0.33199298945369665,30.2,Phylum
B2-F2,B2,F2,0.265697,0,0.08099060688032476,0.28373791809320265,33.5,Phylum
B2-R1,B2,R1,0.568833,0,0.09562055875472888,0.4490298526379878,40.3,Phylum
B2-R2,B2,R2,0.428686,0,0.08565030221964401,0.27508852648956383,45.5,Phylum
B2-U1,B2,U1,0.378396,0,0.07338451657540271,0.1985199307428795,37.9,Phylum
B2-U2,B2,U2,0.383128,0,0.08279295812095867,0.22415004243677517,22.4,Phylum
F1-B1,F1,B1,0.543824,0,0.11383263934027661,0.24991575325564291,1.9,Phylum
F1-B2,F1,B2,0.515139,0,0.11208944859159066,0.33199298945369665,30.2,Phylum
F1-F1,F1,F1,0,0,0.12575238292562624,0.18188136212764866,0,Phylum
F1-F2,F1,F2,0.448256,0,0.10200315302343217,0.17099582551085551,3.9,Phylum
F1-R1,F1,R1,0.598703,0,0.12579920113370088,0.23777352526182788,10.8,Phylum
F1-R2,F1,R2,0.531914,0,0.11971891536970972,0.1757807538727427,3.8,Phylum
F1-U1,F1,U1,0.459241,0,0.10533567081281234,0.25153065156765736,9.7,Phylum
F1-U2,F1,U2,0.537825,0,0.10599340540689177,0.2625579203997795,11.9,Phylum
F2-B1,F2,B1,0.261133,0,0.08112889717019219,0.20062298523050967,2.3,Phylum
F2-B2,F2,B2,0.265697,0,0.08099060688032476,0.28373791809320265,33.5,Phylum
F2-F1,F2,F1,0.448256,0,0.10200315302343217,0.17099582551085551,3.9,Phylum
F2-F2,F2,F2,0,0,0.06453746226921647,0.12092468566491187,0,Phylum
F2-R1,F2,R1,0.396295,0,0.09526827802672924,0.2295307545038308,7,Phylum
F2-R2,F2,R2,0.301497,0,0.09048276716464065,0.13654690869275968,24,Phylum
F2-U1,F2,U1,0.22885,0,0.06883508721669439,0.2031394889189067,9.6,Phylum
F2-U2,F2,U2,0.387089,0,0.07280952314477272,0.21658269256782825,13.4,Phylum
R1-B1,R1,B1,0.601512,0,0.08500906458032848,0.3446394588935155,9.2,Phylum
R1-B2,R1,B2,0.568833,0,0.09562055875472888,0.4490298526379878,40.3,Phylum
R1-F1,R1,F1,0.598703,0,0.12579920113370088,0.23777352526182788,10.8,Phylum
R1-F2,R1,F2,0.396295,0,0.09526827802672924,0.2295307545038308,7,Phylum
R1-R1,R1,R1,0,0,0.09922293783950577,0.1688159794408669,0,Phylum
R1-R2,R1,R2,0.422658,0,0.09439594294743044,0.24351731114968508,25.1,Phylum
R1-U1,R1,U1,0.419481,0,0.07985758824773306,0.37171178633035507,11.2,Phylum
R1-U2,R1,U2,0.643139,0,0.0920207613098795,0.35707164576676753,19.3,Phylum
R2-B1,R2,B1,0.479374,0,0.07588186855156491,0.2009559413025842,24.2,Phylum
R2-B2,R2,B2,0.428686,0,0.08565030221964401,0.27508852648956383,45.5,Phylum
R2-F1,R2,F1,0.531914,0,0.11971891536970972,0.1757807538727427,3.8,Phylum
R2-F2,R2,F2,0.301497,0,0.09048276716464065,0.13654690869275968,24,Phylum
R2-R1,R2,R1,0.422658,0,0.09439594294743044,0.24351731114968508,25.1,Phylum
R2-R2,R2,R2,0,0,0.08031066324751547,0.12785521614568385,0,Phylum
R2-U1,R2,U1,0.321251,0,0.07386699489707912,0.19893350158063802,14.6,Phylum
R2-U2,R2,U2,0.521712,0,0.08784436726442195,0.2195621886854694,34.5,Phylum
U1-B1,U1,B1,0.402356,0,0.06154382779810592,0.18317954870143427,10.2,Phylum
U1-B2,U1,B2,0.378396,0,0.07338451657540271,0.1985199307428795,37.9,Phylum
U1-F1,U1,F1,0.459241,0,0.10533567081281234,0.25153065156765736,9.7,Phylum
U1-F2,U1,F2,0.22885,0,0.06883508721669439,0.2031394889189067,9.6,Phylum
U1-R1,U1,R1,0.419481,0,0.07985758824773306,0.37171178633035507,11.2,Phylum
U1-R2,U1,R2,0.321251,0,0.07386699489707912,0.19893350158063802,14.6,Phylum
U1-U1,U1,U1,0,0,0.05016919377924734,0.13564356813073083,0,Phylum
U1-U2,U1,U2,0.471687,0,0.06790935430175471,0.17763166422116175,21.7,Phylum
U2-B1,U2,B1,0.408897,0,0.0764931472780223,0.21076131856389885,11.9,Phylum
U2-B2,U2,B2,0.383128,0,0.08279295812095867,0.22415004243677517,22.4,Phylum
U2-F1,U2,F1,0.537825,0,0.10599340540689177,0.2625579203997795,11.9,Phylum
U2-F2,U2,F2,0.387089,0,0.07280952314477272,0.21658269256782825,13.4,Phylum
U2-R1,U2,R1,0.643139,0,0.0920207613098795,0.35707164576676753,19.3,Phylum
U2-R2,U2,R2,0.521712,0,0.08784436726442195,0.2195621886854694,34.5,Phylum
U2-U1,U2,U1,0.471687,0,0.06790935430175471,0.17763166422116175,21.7,Phylum
U2-U2,U2,U2,0,0,0.06774744367894385,0.196098950954932,0,Phylum
B1-B1,B1,B1,0,0.0388670069798886,0.32814756717437527,0.23989235545642712,0,Class
B1-B2,B1,B2,0.258282,0.05050734330666302,0.3634284927826534,0.2684503049554944,31.2,Class
B1-F1,B1,F1,0.543824,0.03659947678824337,0.3566574259554597,0.3317362246292513,1.9,Class
B1-F2,B1,F2,0.261133,0.03770628656080203,0.3053528242552509,0.27226671632718535,2.3,Class
B1-R1,B1,R1,0.601512,0.04925965072197746,0.31811648628395045,0.43738615382635976,9.2,Class
B1-R2,B1,R2,0.479374,0.06406313004344083,0.2908276775107942,0.2682546065526603,24.2,Class
B1-U1,B1,U1,0.402356,0.05328412418283947,0.370839936345706,0.25102210642313333,10.2,Class
B1-U2,B1,U2,0.408897,0.04461030281985342,0.3454372583890503,0.2642719713705663,11.9,Class
B2-B1,B2,B1,0.258282,0.05050734330666302,0.3634284927826534,0.2684503049554944,31.2,Class
B2-B2,B2,B2,0,0.04902235989281856,0.3036113093767289,0.23469784615812103,0,Class
B2-F1,B2,F1,0.515139,0.05382155982230289,0.41612331777722344,0.38336731478163877,30.2,Class
B2-F2,B2,F2,0.265697,0.04830974489743705,0.33866493180707163,0.32098546833646696,33.5,Class
B2-R1,B2,R1,0.568833,0.056842412529508904,0.38960892417376997,0.5237603995283291,40.3,Class
B2-R2,B2,R2,0.428686,0.07273394982665755,0.3618048414950937,0.30968846113123266,45.5,Class
B2-U1,B2,U1,0.378396,0.057699814111390926,0.3219525888211649,0.2567639594642151,37.9,Class
B2-U2,B2,U2,0.383128,0.06185270667347846,0.3548894079439701,0.2731305108568986,22.4,Class
F1-B1,F1,B1,0.543824,0.03659947678824337,0.3566574259554597,0.3317362246292513,1.9,Class
F1-B2,F1,B2,0.515139,0.05382155982230289,0.41612331777722344,0.38336731478163877,30.2,Class
F1-F1,F1,F1,0,0.025081390407306822,0.3110366515809735,0.2684231577958827,0,Class
F1-F2,F1,F2,0.448256,0.03260664214488369,0.3067304438034347,0.24164984859133343,3.9,Class
F1-R1,F1,R1,0.598703,0.04577243129127446,0.3055813820389254,0.3976537236026329,10.8,Class
F1-R2,F1,R2,0.531914,0.059618863999352616,0.2792373016476469,0.24596433379967758,3.8,Class
F1-U1,F1,U1,0.459241,0.05226495160899108,0.4308242665166229,0.2991171005019173,9.7,Class
F1-U2,F1,U2,0.537825,0.03486398214370577,0.3688861281067931,0.31295540716347603,11.9,Class
F2-B1,F2,B1,0.261133,0.03770628656080203,0.3053528242552509,0.27226671632718535,2.3,Class
F2-B2,F2,B2,0.265697,0.04830974489743705,0.33866493180707163,0.32098546833646696,33.5,Class
F2-F1,F2,F1,0.448256,0.03260664214488369,0.3067304438034347,0.24164984859133343,3.9,Class
F2-F2,F2,F2,0,0.03273847606032166,0.24280988687002433,0.15828594630224477,0,Class
F2-R1,F2,R1,0.396295,0.04541462879275741,0.26932324110183836,0.40638975021854024,7,Class
F2-R2,F2,R2,0.301497,0.06260520196468293,0.24452155549966986,0.17361476280762003,24,Class
F2-U1,F2,U1,0.22885,0.051139142506841026,0.34653299960160105,0.2269519429346707,9.6,Class
F2-U2,F2,U2,0.387089,0.041753431065324684,0.30882203179488027,0.2532236548011351,13.4,Class
R1-B1,R1,B1,0.601512,0.04925965072197746,0.31811648628395045,0.43738615382635976,9.2,Class
R1-B2,R1,B2,0.568833,0.056842412529508904,0.38960892417376997,0.5237603995283291,40.3,Class
R1-F1,R1,F1,0.598703,0.04577243129127446,0.3055813820389254,0.3976537236026329,10.8,Class
R1-F2,R1,F2,0.396295,0.04541462879275741,0.26932324110183836,0.40638975021854024,7,Class
R1-R1,R1,R1,0,0.05469589414065095,0.23842234544055543,0.23302641653666337,0,Class
R1-R2,R1,R2,0.422658,0.0713112844808204,0.23621911337980567,0.4271655908671236,25.1,Class
R1-U1,R1,U1,0.419481,0.0599766191959795,0.4008175778088692,0.4881721593647657,11.2,Class
R1-U2,R1,U2,0.643139,0.05394743404602032,0.32717476088812936,0.44744241098582627,19.3,Class
R2-B1,R2,B1,0.479374,0.06406313004344083,0.2908276775107942,0.2682546065526603,24.2,Class
R2-B2,R2,B2,0.428686,0.07273394982665755,0.3618048414950937,0.30968846113123266,45.5,Class
R2-F1,R2,F1,0.531914,0.059618863999352616,0.2792373016476469,0.24596433379967758,3.8,Class
R2-F2,R2,F2,0.301497,0.06260520196468293,0.24452155549966986,0.17361476280762003,24,Class
R2-R1,R2,R1,0.422658,0.0713112844808204,0.23621911337980567,0.4271655908671236,25.1,Class
R2-R2,R2,R2,0,0.07897903251084837,0.19514707691073988,0.1604806236184682,0,Class
R2-U1,R2,U1,0.321251,0.0735006085642658,0.37309377420008755,0.2247278572345305,14.6,Class
R2-U2,R2,U2,0.521712,0.06564214959948218,0.3113302566524241,0.256817418017321,34.5,Class
U1-B1,U1,B1,0.402356,0.05328412418283947,0.370839936345706,0.25102210642313333,10.2,Class
U1-B2,U1,B2,0.378396,0.057699814111390926,0.3219525888211649,0.2567639594642151,37.9,Class
U1-F1,U1,F1,0.459241,0.05226495160899108,0.4308242665166229,0.2991171005019173,9.7,Class
U1-F2,U1,F2,0.22885,0.051139142506841026,0.34653299960160105,0.2269519429346707,9.6,Class
U1-R1,U1,R1,0.419481,0.0599766191959795,0.4008175778088692,0.4881721593647657,11.2,Class
U1-R2,U1,R2,0.321251,0.0735006085642658,0.37309377420008755,0.2247278572345305,14.6,Class
U1-U1,U1,U1,0,0.06103751705393774,0.2912670180317402,0.16979554759978768,0,Class
U1-U2,U1,U2,0.471687,0.05890413592568134,0.3471690086767586,0.21514719960092177,21.7,Class
U2-B1,U2,B1,0.408897,0.04461030281985342,0.3454372583890503,0.2642719713705663,11.9,Class
U2-B2,U2,B2,0.383128,0.06185270667347846,0.3548894079439701,0.2731305108568986,22.4,Class
U2-F1,U2,F1,0.537825,0.03486398214370577,0.3688861281067931,0.31295540716347603,11.9,Class
U2-F2,U2,F2,0.387089,0.041753431065324684,0.30882203179488027,0.2532236548011351,13.4,Class
U2-R1,U2,R1,0.643139,0.05394743404602032,0.32717476088812936,0.44744241098582627,19.3,Class
U2-R2,U2,R2,0.521712,0.06564214959948218,0.3113302566524241,0.256817418017321,34.5,Class
U2-U1,U2,U1,0.471687,0.05890413592568134,0.3471690086767586,0.21514719960092177,21.7,Class
U2-U2,U2,U2,0,0.03920321705029264,0.29300199346377,0.22511235778366517,0,Class
B1-B1,B1,B1,0,0.23677503812472167,0.4884775173629695,0.37547705161507344,0,Order
B1-B2,B1,B2,0.258282,0.34443715357649773,0.5449356304654643,0.41592388755344695,31.2,Order
B1-F1,B1,F1,0.543824,0.4029414567634386,0.542618579013919,0.49314638318921,1.9,Order
B1-F2,B1,F2,0.261133,0.41114272200285085,0.49476618868951777,0.44958609452162446,2.3,Order
B1-R1,B1,R1,0.601512,0.386554929204319,0.515448452546931,0.5872467215182556,9.2,Order
B1-R2,B1,R2,0.479374,0.5024153573100991,0.4561928766730601,0.4377002431251471,24.2,Order
B1-U1,B1,U1,0.402356,0.35643471003095367,0.5698587729088835,0.41896231515555155,10.2,Order
B1-U2,B1,U2,0.408897,0.30107540614182354,0.48080671946217785,0.4128703275300673,11.9,Order
B2-B1,B2,B1,0.258282,0.34443715357649773,0.5449356304654643,0.41592388755344695,31.2,Order
B2-B2,B2,B2,0,0.20199537381783683,0.4109974730167846,0.3504464039291378,0,Order
B2-F1,B2,F1,0.515139,0.26233153633406725,0.6841618989836671,0.5230927513206214,30.2,Order
B2-F2,B2,F2,0.265697,0.25751284850422895,0.5805486948817944,0.4766427297839856,33.5,Order
B2-R1,B2,R1,0.568833,0.3143752354960722,0.6369931742655798,0.643414231662397,40.3,Order
B2-R2,B2,R2,0.428686,0.29272092388801296,0.5587362039702883,0.44878445342114,45.5,Order
B2-U1,B2,U1,0.378396,0.2887737427019301,0.4899141065325678,0.39146981716747786,37.9,Order
B2-U2,B2,U2,0.383128,0.19290484069572902,0.5448032887925807,0.39932791136566254,22.4,Order
F1-B1,F1,B1,0.543824,0.4029414567634386,0.542618579013919,0.49314638318921,1.9,Order
F1-B2,F1,B2,0.515139,0.26233153633406725,0.6841618989836671,0.5230927513206214,30.2,Order
F1-F1,F1,F1,0,0.2581417683592666,0.44268336372545464,0.34664866850658216,0,Order
F1-F2,F1,F2,0.448256,0.27115965698959826,0.48536609924966095,0.3651553433710393,3.9,Order
F1-R1,F1,R1,0.598703,0.34993224527812467,0.48301775346149217,0.4851461970241605,10.8,Order
F1-R2,F1,R2,0.531914,0.2773134519520508,0.4480543213211603,0.38254654431552665,3.8,Order
F1-U1,F1,U1,0.459241,0.3336171083361616,0.6821731565752055,0.3877462572713724,9.7,Order
F1-U2,F1,U2,0.537825,0.2503318685894589,0.5230975103812578,0.42366088661543516,11.9,Order
F2-B1,F2,B1,0.261133,0.41114272200285085,0.49476618868951777,0.44958609452162446,2.3,Order
F2-B2,F2,B2,0.265697,0.25751284850422895,0.5805486948817944,0.4766427297839856,33.5,Order
F2-F1,F2,F1,0.448256,0.27115965698959826,0.48536609924966095,0.3651553433710393,3.9,Order
F2-F2,F2,F2,0,0.26573220643090856,0.41176591963478226,0.25205628843393335,0,Order
F2-R1,F2,R1,0.396295,0.3535420517931132,0.4662142114391565,0.502979179472159,7,Order
F2-R2,F2,R2,0.301497,0.2841768522009275,0.4101729875452824,0.31436228523866516,24,Order
F2-U1,F2,U1,0.22885,0.3345439568838832,0.5673306901419605,0.3488759608104701,9.6,Order
F2-U2,F2,U2,0.387089,0.25743947589631977,0.4649230721624526,0.38781993034430984,13.4,Order
R1-B1,R1,B1,0.601512,0.386554929204319,0.515448452546931,0.5872467215182556,9.2,Order
R1-B2,R1,B2,0.568833,0.3143752354960722,0.6369931742655798,0.643414231662397,40.3,Order
R1-F1,R1,F1,0.598703,0.34993224527812467,0.48301775346149217,0.4851461970241605,10.8,Order
R1-F2,R1,F2,0.396295,0.3535420517931132,0.4662142114391565,0.502979179472159,7,Order
R1-R1,R1,R1,0,0.3289108036941051,0.42507091856681634,0.3396892445780007,0,Order
R1-R2,R1,R2,0.422658,0.37814602308364165,0.42588644617337684,0.5296363030969662,25.1,Order
R1-U1,R1,U1,0.419481,0.35630333159825306,0.628538675114894,0.566766559175183,11.2,Order
R1-U2,R1,U2,0.643139,0.3150198211753577,0.47776827961459173,0.5743239417718722,19.3,Order
R2-B1,R2,B1,0.479374,0.5024153573100991,0.4561928766730601,0.4377002431251471,24.2,Order
R2-B2,R2,B2,0.428686,0.29272092388801296,0.5587362039702883,0.44878445342114,45.5,Order
R2-F1,R2,F1,0.531914,0.2773134519520508,0.4480543213211603,0.38254654431552665,3.8,Order
R2-F2,R2,F2,0.301497,0.2841768522009275,0.4101729875452824,0.31436228523866516,24,Order
R2-R1,R2,R1,0.422658,0.37814602308364165,0.42588644617337684,0.5296363030969662,25.1,Order
R2-R2,R2,R2,0,0.24194833225340123,0.33192738619370504,0.24916930558927858,0,Order
R2-U1,R2,U1,0.321251,0.3772951018386203,0.5725907514747004,0.3501007187933976,14.6,Order
R2-U2,R2,U2,0.521712,0.30716638808560337,0.4148721848684646,0.3829216614174444,34.5,Order
U1-B1,U1,B1,0.402356,0.35643471003095367,0.5698587729088835,0.41896231515555155,10.2,Order
U1-B2,U1,B2,0.378396,0.2887737427019301,0.4899141065325678,0.39146981716747786,37.9,Order
U1-F1,U1,F1,0.459241,0.3336171083361616,0.6821731565752055,0.3877462572713724,9.7,Order
U1-F2,U1,F2,0.22885,0.3345439568838832,0.5673306901419605,0.3488759608104701,9.6,Order
U1-R1,U1,R1,0.419481,0.35630333159825306,0.628538675114894,0.566766559175183,11.2,Order
U1-R2,U1,R2,0.321251,0.3772951018386203,0.5725907514747004,0.3501007187933976,14.6,Order
U1-U1,U1,U1,0,0.33341252201218846,0.41925918752339464,0.24304935146380818,0,Order
U1-U2,U1,U2,0.471687,0.2764621619628797,0.5264644115734216,0.31601521961015694,21.7,Order
U2-B1,U2,B1,0.408897,0.30107540614182354,0.48080671946217785,0.4128703275300673,11.9,Order
U2-B2,U2,B2,0.383128,0.19290484069572902,0.5448032887925807,0.39932791136566254,22.4,Order
U2-F1,U2,F1,0.537825,0.2503318685894589,0.5230975103812578,0.42366088661543516,11.9,Order
U2-F2,U2,F2,0.387089,0.25743947589631977,0.4649230721624526,0.38781993034430984,13.4,Order
U2-R1,U2,R1,0.643139,0.3150198211753577,0.47776827961459173,0.5743239417718722,19.3,Order
U2-R2,U2,R2,0.521712,0.30716638808560337,0.4148721848684646,0.3829216614174444,34.5,Order
U2-U1,U2,U1,0.471687,0.2764621619628797,0.5264644115734216,0.31601521961015694,21.7,Order
U2-U2,U2,U2,0,0.1194707810017284,0.3538637486074613,0.3094350495490062,0,Order
B1-B1,B1,B1,0,0.3552367548701197,0.5399740616707289,0.4452399168066873,0,Family
B1-B2,B1,B2,0.258282,0.41610196732221577,0.645766120149006,0.4862768766597257,31.2,Family
B1-F1,B1,F1,0.543824,0.4676363040399805,0.7206181334848165,0.5929264239139499,1.9,Family
B1-F2,B1,F2,0.261133,0.47968911635972755,0.5937382318349138,0.5248927604023006,2.3,Family
B1-R1,B1,R1,0.601512,0.45016894884833547,0.6386849867209891,0.69840532111011,9.2,Family
B1-R2,B1,R2,0.479374,0.5328504576105334,0.5313886108884271,0.527849286370081,24.2,Family
B1-U1,B1,U1,0.402356,0.44356963211817424,0.6813813645744351,0.48914142023555274,10.2,Family
B1-U2,B1,U2,0.408897,0.40006811504034806,0.6090585673134982,0.4826920575261359,11.9,Family
B2-B1,B2,B1,0.258282,0.41610196732221577,0.645766120149006,0.4862768766597257,31.2,Family
B2-B2,B2,B2,0,0.2221031536346806,0.5178753520467912,0.40061520368375864,0,Family
B2-F1,B2,F1,0.515139,0.2749212950178312,0.7757133691187116,0.5911407097268662,30.2,Family
B2-F2,B2,F2,0.265697,0.274470036234564,0.678899782321288,0.5347042181701468,33.5,Family
B2-R1,B2,R1,0.568833,0.33411539690221137,0.7309667809233756,0.7149643255296491,40.3,Family
B2-R2,B2,R2,0.428686,0.31543645542330817,0.6614583047455418,0.5239507851238993,45.5,Family
B2-U1,B2,U1,0.378396,0.3060605077753783,0.6048349843934683,0.4482414497099848,37.9,Family
B2-U2,B2,U2,0.383128,0.31591580629893906,0.6590029950462897,0.46233057443253356,22.4,Family
F1-B1,F1,B1,0.543824,0.4676363040399805,0.7206181334848165,0.5929264239139499,1.9,Family
F1-B2,F1,B2,0.515139,0.2749212950178312,0.7757133691187116,0.5911407097268662,30.2,Family
F1-F1,F1,F1,0,0.2632260804931784,0.585935252824923,0.3944280103537157,0,Family
F1-F2,F1,F2,0.448256,0.27930896126471466,0.6640038388314738,0.45776222167148867,3.9,Family
F1-R1,F1,R1,0.598703,0.365203005513448,0.6601956502530464,0.5630910428192917,10.8,Family
F1-R2,F1,R2,0.531914,0.3000944130012716,0.677244266515271,0.46929219831391494,3.8,Family
F1-U1,F1,U1,0.459241,0.34308720528309816,0.7564038306098497,0.45536377839322906,9.7,Family
F1-U2,F1,U2,0.537825,0.3572752553627533,0.6619182972710771,0.4907330326744506,11.9,Family
F2-B1,F2,B1,0.261133,0.47968911635972755,0.5937382318349138,0.5248927604023006,2.3,Family
F2-B2,F2,B2,0.265697,0.274470036234564,0.678899782321288,0.5347042181701468,33.5,Family
F2-F1,F2,F1,0.448256,0.27930896126471466,0.6640038388314738,0.45776222167148867,3.9,Family
F2-F2,F2,F2,0,0.2767316883306888,0.4932020011495,0.3185786261462219,0,Family
F2-R1,F2,R1,0.396295,0.37376668185268785,0.6035813285385414,0.6065098253699185,7,Family
F2-R2,F2,R2,0.301497,0.3075792984744668,0.520412215998438,0.40244896777329664,24,Family
F2-U1,F2,U1,0.22885,0.34634005823213493,0.6577278940704397,0.4157173263749906,9.6,Family
F2-U2,F2,U2,0.387089,0.35734282162408354,0.5966857833537895,0.44431582891019156,13.4,Family
R1-B1,R1,B1,0.601512,0.45016894884833547,0.6386849867209891,0.69840532111011,9.2,Family
R1-B2,R1,B2,0.568833,0.33411539690221137,0.7309667809233756,0.7149643255296491,40.3,Family
R1-F1,R1,F1,0.598703,0.365203005513448,0.6601956502530464,0.5630910428192917,10.8,Family
R1-F2,R1,F2,0.396295,0.37376668185268785,0.6035813285385414,0.6065098253699185,7,Family
R1-R1,R1,R1,0,0.3433595940378514,0.5646860349950185,0.47746460326989837,0,Family
R1-R2,R1,R2,0.422658,0.4084196074684968,0.575458210535409,0.6121777320535569,25.1,Family
R1-U1,R1,U1,0.419481,0.3721905935672917,0.7139610623886641,0.6414783709946298,11.2,Family
R1-U2,R1,U2,0.643139,0.40864054857753657,0.6209727414008033,0.6482691646063728,19.3,Family
R2-B1,R2,B1,0.479374,0.5328504576105334,0.5313886108884271,0.527849286370081,24.2,Family
R2-B2,R2,B2,0.428686,0.31543645542330817,0.6614583047455418,0.5239507851238993,45.5,Family
R2-F1,R2,F1,0.531914,0.3000944130012716,0.677244266515271,0.46929219831391494,3.8,Family
R2-F2,R2,F2,0.301497,0.3075792984744668,0.520412215998438,0.40244896777329664,24,Family
R2-R1,R2,R1,0.422658,0.4084196074684968,0.575458210535409,0.6121777320535569,25.1,Family
R2-R2,R2,R2,0,0.2515885284783937,0.3956692739963995,0.3015464833481526,0,Family
R2-U1,R2,U1,0.321251,0.4067900154268759,0.7024579562246163,0.4337067117771497,14.6,Family
R2-U2,R2,U2,0.521712,0.3534460751334761,0.5933085739784241,0.45936824986106645,34.5,Family
U1-B1,U1,B1,0.402356,0.44356963211817424,0.6813813645744351,0.48914142023555274,10.2,Family
U1-B2,U1,B2,0.378396,0.3060605077753783,0.6048349843934683,0.4482414497099848,37.9,Family
U1-F1,U1,F1,0.459241,0.34308720528309816,0.7564038306098497,0.45536377839322906,9.7,Family
U1-F2,U1,F2,0.22885,0.34634005823213493,0.6577278940704397,0.4157173263749906,9.6,Family
U1-R1,U1,R1,0.419481,0.3721905935672917,0.7139610623886641,0.6414783709946298,11.2,Family
U1-R2,U1,R2,0.321251,0.4067900154268759,0.7024579562246163,0.4337067117771497,14.6,Family
U1-U1,U1,U1,0,0.3426845666789122,0.5039379968704115,0.2869926550434199,0,Family
U1-U2,U1,U2,0.471687,0.40437034486892004,0.6207651829675179,0.3727951231884742,21.7,Family
U2-B1,U2,B1,0.408897,0.40006811504034806,0.6090585673134982,0.4826920575261359,11.9,Family
U2-B2,U2,B2,0.383128,0.31591580629893906,0.6590029950462897,0.46233057443253356,22.4,Family
U2-F1,U2,F1,0.537825,0.3572752553627533,0.6619182972710771,0.4907330326744506,11.9,Family
U2-F2,U2,F2,0.387089,0.35734282162408354,0.5966857833537895,0.44431582891019156,13.4,Family
U2-R1,U2,R1,0.643139,0.40864054857753657,0.6209727414008033,0.6482691646063728,19.3,Family
U2-R2,U2,R2,0.521712,0.3534460751334761,0.5933085739784241,0.45936824986106645,34.5,Family
U2-U1,U2,U1,0.471687,0.40437034486892004,0.6207651829675179,0.3727951231884742,21.7,Family
U2-U2,U2,U2,0,0.1856648313779338,0.4718078670291997,0.349150725316014,0,Family
B1-B1,B1,B1,0,0.3557141691202686,0.5961961147568561,0.5479383681387133,0,Genus
B1-B2,B1,B2,0.258282,0.41642049841362927,0.7447551354158406,0.5997961819837823,31.2,Genus
B1-F1,B1,F1,0.543824,0.46846987423712827,0.7743384791230417,0.7193986431715131,1.9,Genus
B1-F2,B1,F2,0.261133,0.4828355498825536,0.671754132192066,0.6453899672982703,2.3,Genus
B1-R1,B1,R1,0.601512,0.4504553660453273,0.6903968482812947,0.7863937005819546,9.2,Genus
B1-R2,B1,R2,0.479374,0.5363378188892588,0.6120494062292412,0.6555608932528468,24.2,Genus
B1-U1,B1,U1,0.402356,0.4438962951714382,0.7818340885179119,0.6303859591918001,10.2,Genus
B1-U2,B1,U2,0.408897,0.40059416210011334,0.6724252203119824,0.6147124922413183,11.9,Genus
B2-B1,B2,B1,0.258282,0.41642049841362927,0.7447551354158406,0.5997961819837823,31.2,Genus
B2-B2,B2,B2,0,0.22215781525143452,0.616080587503198,0.49663578977348205,0,Genus
B2-F1,B2,F1,0.515139,0.2754876813371233,0.8536487206031348,0.7191159023256255,30.2,Genus
B2-F2,B2,F2,0.265697,0.27717599234490303,0.7942190281024072,0.6432215069699446,33.5,Genus
B2-R1,B2,R1,0.568833,0.33418363777571464,0.7922841546112983,0.7982883126050576,40.3,Genus
B2-R2,B2,R2,0.428686,0.3189940646180197,0.7683614768158874,0.6393606439571667,45.5,Genus
B2-U1,B2,U1,0.378396,0.3061771562427723,0.7617289636487786,0.5986990650137833,37.9,Genus
B2-U2,B2,U2,0.383128,0.3163286202316002,0.7458383430040307,0.5987233422201161,22.4,Genus
F1-B1,F1,B1,0.543824,0.46846987423712827,0.7743384791230417,0.7193986431715131,1.9,Genus
F1-B2,F1,B2,0.515139,0.2754876813371233,0.8536487206031348,0.7191159023256255,30.2,Genus
F1-F1,F1,F1,0,0.2639920987502364,0.6026644329987101,0.45251189321803925,0,Genus
F1-F2,F1,F2,0.448256,0.2815952819629145,0.6946529357456367,0.5480242704248957,3.9,Genus
F1-R1,F1,R1,0.598703,0.36565031606548376,0.6969063698075895,0.6323659088616457,10.8,Genus
F1-R2,F1,R2,0.531914,0.30318149678280976,0.7175450260631477,0.578918284109574,3.8,Genus
F1-U1,F1,U1,0.459241,0.34389783713034966,0.8098181874363362,0.5442795263703392,9.7,Genus
F1-U2,F1,U2,0.537825,0.3581358983350667,0.7012709870397504,0.5646819498940696,11.9,Genus
F2-B1,F2,B1,0.261133,0.4828355498825536,0.671754132192066,0.6453899672982703,2.3,Genus
F2-B2,F2,B2,0.265697,0.27717599234490303,0.7942190281024072,0.6432215069699446,33.5,Genus
F2-F1,F2,F1,0.448256,0.2815952819629145,0.6946529357456367,0.5480242704248957,3.9,Genus
F2-F2,F2,F2,0,0.28019717365481556,0.5270709235042504,0.38409917001693245,0,Genus
F2-R1,F2,R1,0.396295,0.3755455064358245,0.6613458686357757,0.6760166788668065,7,Genus
F2-R2,F2,R2,0.301497,0.3115834645054701,0.5740399667603444,0.49814677369148813,24,Genus
F2-U1,F2,U1,0.22885,0.34947841392369733,0.7509980316484943,0.5173097734575541,9.6,Genus
F2-U2,F2,U2,0.387089,0.3587799272494405,0.6603264452648102,0.5265707247997254,13.4,Genus
R1-B1,R1,B1,0.601512,0.4504553660453273,0.6903968482812947,0.7863937005819546,9.2,Genus
R1-B2,R1,B2,0.568833,0.33418363777571464,0.7922841546112983,0.7982883126050576,40.3,Genus
R1-F1,R1,F1,0.598703,0.36565031606548376,0.6969063698075895,0.6323659088616457,10.8,Genus
R1-F2,R1,F2,0.396295,0.3755455064358245,0.6613458686357757,0.6760166788668065,7,Genus
R1-R1,R1,R1,0,0.3434261047491209,0.5974493336033814,0.539271435398023,0,Genus
R1-R2,R1,R2,0.422658,0.4112460785349461,0.6337203430901824,0.6820905249126291,25.1,Genus
R1-U1,R1,U1,0.419481,0.3723394385437232,0.7832109617064117,0.7123345171038433,11.2,Genus
R1-U2,R1,U2,0.643139,0.40907033085288846,0.670687130604461,0.7120257921051367,19.3,Genus
R2-B1,R2,B1,0.479374,0.5363378188892588,0.6120494062292412,0.6555608932528468,24.2,Genus
R2-B2,R2,B2,0.428686,0.3189940646180197,0.7683614768158874,0.6393606439571667,45.5,Genus
R2-F1,R2,F1,0.531914,0.30318149678280976,0.7175450260631477,0.578918284109574,3.8,Genus
R2-F2,R2,F2,0.301497,0.3115834645054701,0.5740399667603444,0.49814677369148813,24,Genus
R2-R1,R2,R1,0.422658,0.4112460785349461,0.6337203430901824,0.6820905249126291,25.1,Genus
R2-R2,R2,R2,0,0.25416651680017993,0.42218959404345247,0.3776909792235191,0,Genus
R2-U1,R2,U1,0.321251,0.41044627918493204,0.7999238765581218,0.5697816400878905,14.6,Genus
R2-U2,R2,U2,0.521712,0.3568069585591964,0.6478010080997189,0.5668014548304117,34.5,Genus
U1-B1,U1,B1,0.402356,0.4438962951714382,0.7818340885179119,0.6303859591918001,10.2,Genus
U1-B2,U1,B2,0.378396,0.3061771562427723,0.7617289636487786,0.5986990650137833,37.9,Genus
U1-F1,U1,F1,0.459241,0.34389783713034966,0.8098181874363362,0.5442795263703392,9.7,Genus
U1-F2,U1,F2,0.22885,0.34947841392369733,0.7509980316484943,0.5173097734575541,9.6,Genus
U1-R1,U1,R1,0.419481,0.3723394385437232,0.7832109617064117,0.7123345171038433,11.2,Genus
U1-R2,U1,R2,0.321251,0.41044627918493204,0.7999238765581218,0.5697816400878905,14.6,Genus
U1-U1,U1,U1,0,0.3428786127443078,0.5904445895098934,0.35725900894212026,0,Genus
U1-U2,U1,U2,0.471687,0.404815145454817,0.7051667178639737,0.4528369160327264,21.7,Genus
U2-B1,U2,B1,0.408897,0.40059416210011334,0.6724252203119824,0.6147124922413183,11.9,Genus
U2-B2,U2,B2,0.383128,0.3163286202316002,0.7458383430040307,0.5987233422201161,22.4,Genus
U2-F1,U2,F1,0.537825,0.3581358983350667,0.7012709870397504,0.5646819498940696,11.9,Genus
U2-F2,U2,F2,0.387089,0.3587799272494405,0.6603264452648102,0.5265707247997254,13.4,Genus
U2-R1,U2,R1,0.643139,0.40907033085288846,0.670687130604461,0.7120257921051367,19.3,Genus
U2-R2,U2,R2,0.521712,0.3568069585591964,0.6478010080997189,0.5668014548304117,34.5,Genus
U2-U1,U2,U1,0.471687,0.404815145454817,0.7051667178639737,0.4528369160327264,21.7,Genus
U2-U2,U2,U2,0,0.18619628601305616,0.5197914228133278,0.40635591943522065,0,Genus
B1-B1,B1,B1,0,0.3702327672538224,0.6395924949131774,0.5702288133282102,0,Species
B1-B2,B1,B2,0.258282,0.4270108645507551,0.8058237798608182,0.6324018710150529,31.2,Species
B1-F1,B1,F1,0.543824,0.4772646546433438,0.8723131351583431,0.7476759167001299,1.9,Species
B1-F2,B1,F2,0.261133,0.49116988903572417,0.8359469125172548,0.6745111286707735,2.3,Species
B1-R1,B1,R1,0.601512,0.4570176301159894,0.8366891670533274,0.8056630810627791,9.2,Species
B1-R2,B1,R2,0.479374,0.5416750375864546,0.8187185147456063,0.685061383490067,24.2,Species
B1-U1,B1,U1,0.402356,0.4577689930708333,0.837081054957831,0.6616052519394231,10.2,Species
B1-U2,B1,U2,0.408897,0.4090088676328136,0.8295367648638646,0.6474788504472493,11.9,Species
B2-B1,B2,B1,0.258282,0.4270108645507551,0.8058237798608182,0.6324018710150529,31.2,Species
B2-B2,B2,B2,0,0.22493321985961656,0.6693282018100295,0.5300606152654207,0,Species
B2-F1,B2,F1,0.515139,0.27890453461588954,0.8975773282907297,0.7403451559378392,30.2,Species
B2-F2,B2,F2,0.265697,0.2810912888838472,0.8560806040066077,0.66619959487535,33.5,Species
B2-R1,B2,R1,0.568833,0.33650628728009313,0.8576972980396911,0.8130082976188089,40.3,Species
B2-R2,B2,R2,0.428686,0.3221376420523876,0.843989516001887,0.6648928983803158,45.5,Species
B2-U1,B2,U1,0.378396,0.31337169549149596,0.821222324242699,0.6296752663219504,37.9,Species
B2-U2,B2,U2,0.383128,0.3235847618340707,0.8361675750985699,0.6281156791625191,22.4,Species
F1-B1,F1,B1,0.543824,0.4772646546433438,0.8723131351583431,0.7476759167001299,1.9,Species
F1-B2,F1,B2,0.515139,0.27890453461588954,0.8975773282907297,0.7403451559378392,30.2,Species
F1-F1,F1,F1,0,0.26700975514614267,0.6549061555870512,0.46403809054609907,0,Species
F1-F2,F1,F2,0.448256,0.2854566773264215,0.761375892543554,0.5705373376493303,3.9,Species
F1-R1,F1,R1,0.598703,0.36807870681228166,0.7492528886599296,0.6483877976459205,10.8,Species
F1-R2,F1,R2,0.531914,0.3061855685908638,0.8090346050752198,0.604153307751586,3.8,Species
F1-U1,F1,U1,0.459241,0.35029640551286695,0.8549676199631265,0.5721091587855264,9.7,Species
F1-U2,F1,U2,0.537825,0.36471879565513665,0.8444006552673116,0.5901524547332859,11.9,Species
F2-B1,F2,B1,0.261133,0.49116988903572417,0.8359469125172548,0.6745111286707735,2.3,Species
F2-B2,F2,B2,0.265697,0.2810912888838472,0.8560806040066077,0.66619959487535,33.5,Species
F2-F1,F2,F1,0.448256,0.2854566773264215,0.761375892543554,0.5705373376493303,3.9,Species
F2-F2,F2,F2,0,0.2835479931881258,0.5897462451495633,0.40669176828421516,0,Species
F2-R1,F2,R1,0.396295,0.3779735833321358,0.7084202348039694,0.6945317075902357,7,Species
F2-R2,F2,R2,0.301497,0.3148022504017618,0.6969313055424009,0.5260348104220278,24,Species
F2-U1,F2,U1,0.22885,0.3566092010053629,0.8142470906884632,0.5457289309566197,9.6,Species
F2-U2,F2,U2,0.387089,0.36476205404924206,0.8577884118070248,0.5541102110263132,13.4,Species
R1-B1,R1,B1,0.601512,0.4570176301159894,0.8366891670533274,0.8056630810627791,9.2,Species
R1-B2,R1,B2,0.568833,0.33650628728009313,0.8576972980396911,0.8130082976188089,40.3,Species
R1-F1,R1,F1,0.598703,0.36807870681228166,0.7492528886599296,0.6483877976459205,10.8,Species
R1-F2,R1,F2,0.396295,0.3779735833321358,0.7084202348039694,0.6945317075902357,7,Species
R1-R1,R1,R1,0,0.3448308196300751,0.6281189816963914,0.5529679075167653,0,Species
R1-R2,R1,R2,0.422658,0.4139389669629708,0.7266946418137519,0.7013019594724645,25.1,Species
R1-U1,R1,U1,0.419481,0.3774925161216698,0.8496049313269042,0.7303742221223046,11.2,Species
R1-U2,R1,U2,0.643139,0.4141162916233161,0.8534353919588784,0.7294003860990962,19.3,Species
R2-B1,R2,B1,0.479374,0.5416750375864546,0.8187185147456063,0.685061383490067,24.2,Species
R2-B2,R2,B2,0.428686,0.3221376420523876,0.843989516001887,0.6648928983803158,45.5,Species
R2-F1,R2,F1,0.531914,0.3061855685908638,0.8090346050752198,0.604153307751586,3.8,Species
R2-F2,R2,F2,0.301497,0.3148022504017618,0.6969313055424009,0.5260348104220278,24,Species
R2-R1,R2,R1,0.422658,0.4139389669629708,0.7266946418137519,0.7013019594724645,25.1,Species
R2-R2,R2,R2,0,0.25653775585003347,0.5807156020252671,0.39715828185865215,0,Species
R2-U1,R2,U1,0.321251,0.41505060936409693,0.8639068845399119,0.5971232674946735,14.6,Species
R2-U2,R2,U2,0.521712,0.36120290131244076,0.8861357016855734,0.5929240324984103,34.5,Species
U1-B1,U1,B1,0.402356,0.4577689930708333,0.837081054957831,0.6616052519394231,10.2,Species
U1-B2,U1,B2,0.378396,0.31337169549149596,0.821222324242699,0.6296752663219504,37.9,Species
U1-F1,U1,F1,0.459241,0.35029640551286695,0.8549676199631265,0.5721091587855264,9.7,Species
U1-F2,U1,F2,0.22885,0.3566092010053629,0.8142470906884632,0.5457289309566197,9.6,Species
U1-R1,U1,R1,0.419481,0.3774925161216698,0.8496049313269042,0.7303742221223046,11.2,Species
U1-R2,U1,R2,0.321251,0.41505060936409693,0.8639068845399119,0.5971232674946735,14.6,Species
U1-U1,U1,U1,0,0.3523724951413803,0.644449290077395,0.3788699907765687,0,Species
U1-U2,U1,U2,0.471687,0.4132081010624331,0.7827304880200797,0.4792558846966066,21.7,Species
U2-B1,U2,B1,0.408897,0.4090088676328136,0.8295367648638646,0.6474788504472493,11.9,Species
U2-B2,U2,B2,0.383128,0.3235847618340707,0.8361675750985699,0.6281156791625191,22.4,Species
U2-F1,U2,F1,0.537825,0.36471879565513665,0.8444006552673116,0.5901524547332859,11.9,Species
U2-F2,U2,F2,0.387089,0.36476205404924206,0.8577884118070248,0.5541102110263132,13.4,Species
U2-R1,U2,R1,0.643139,0.4141162916233161,0.8534353919588784,0.7294003860990962,19.3,Species
U2-R2,U2,R2,0.521712,0.36120290131244076,0.8861357016855734,0.5929240324984103,34.5,Species
U2-U1,U2,U1,0.471687,0.4132081010624331,0.7827304880200797,0.4792558846966066,21.7,Species
U2-U2,U2,U2,0,0.19180631020463287,0.5787296102076558,0.4253394559517536,0,Species
